experiment,model,accuracy,balanced_accuracy,precision_at_risk,recall_at_risk,f1_at_risk,roc_auc,tn,fp,fn,tp
performance_aware_with_prior_grades,Support_Vector_Machine,0.9076923076923077,0.884090909090909,0.6538461538461539,0.85,0.7391304347826086,0.9354545454545454,101,9,3,17
performance_aware_with_prior_grades,Decision_Tree,0.9076923076923077,0.8431818181818183,0.6818181818181818,0.75,0.7142857142857143,0.8431818181818181,103,7,5,15
performance_aware_with_prior_grades,Random_Forest,0.8846153846153846,0.8704545454545454,0.5862068965517241,0.85,0.6938775510204082,0.9515909090909092,98,12,3,17
performance_aware_with_prior_grades,Logistic_Regression,0.8769230769230769,0.8863636363636364,0.5625,0.9,0.6923076923076923,0.9368181818181818,96,14,2,18
performance_aware_with_prior_grades,Gradient_Boosting,0.8923076923076924,0.8340909090909091,0.625,0.75,0.6818181818181818,0.9313636363636364,101,9,5,15
performance_aware_with_prior_grades,Dummy_Majority,0.8461538461538461,0.5,0.0,0.0,0.0,0.5,110,0,20,0
